﻿<!-- ===========================================
      Employees.xml (c) 2006 by Charles Petzold
     =========================================== -->
<Employees xmlns="">
    <Employee Name="Betty">
        <BirthDate>8/31/1970</BirthDate>
        <Face>Betty.png</Face>
        <LeftHanded>False</LeftHanded>
    </Employee>
    <Employee Name="Edgar">
        <BirthDate>2/2/1965</BirthDate>
        <Face>Edgar.png</Face>
        <LeftHanded>True</LeftHanded>
    </Employee>
    <Employee Name="Sally">
        <BirthDate>7/12/1980</BirthDate>
        <Face>Sally.png</Face>
        <LeftHanded>True</LeftHanded>
    </Employee>
    <Employee Name="Jim">
        <BirthDate>6/15/1975</BirthDate>
        <Face>Jim.png</Face>
        <LeftHanded>False</LeftHanded>
    </Employee>
    <Employee Name="Anne">
        <BirthDate>4/7/1975</BirthDate>
        <Face>Anne.png</Face>
        <LeftHanded>True</LeftHanded>
    </Employee>
    <Employee Name="John">
        <BirthDate>12/2/1955</BirthDate>
        <Face>John.png</Face>
        <LeftHanded>False</LeftHanded>
    </Employee>
</Employees>

